member_id,customer_id,name,age,join_date,is_active
1,1,Johannes Gates,42,2023-11-23,0
2,2,Mateo Gates,27,2023-11-23,0
3,3,Olivia Nguyen,59,2024-01-30,0
4,4,Marshall Schmidt,8,2024-09-29,1
5,5,Benjamin Nguyen,26,2024-08-09,0
6,6,Fatima Smith,12,2024-09-13,1
7,7,Ethan Nguyen,45,2024-02-05,0
8,8,Yuan Banks,16,2024-05-11,0
9,9,Benjamin Chen,38,2024-01-15,0
10,10,Yuan Patel,46,2024-07-11,0
11,11,Sophia Chen,12,2023-05-26,0
12,12,Wei Banks,50,2023-05-27,0
13,13,Bill Garcia,60,2024-10-21,0
14,14,Yuan Banks,45,2024-09-08,1
15,15,Emma Smith,44,2024-10-26,1
16,16,Olivia Lee,29,2024-06-30,0
17,17,Wei Garcia,19,2023-04-21,0
18,18,Jing Takahashi,42,2024-09-09,1
19,19,Xia Takahashi,37,2024-05-11,0
20,20,Omar Nguyen,28,2023-04-18,0
21,21,Audrey Smith,22,2024-05-29,1
22,22,Yuan Takahashi,54,2023-08-01,0
23,23,Benjamin Gates,51,2024-01-20,0
24,24,Bill Gates,54,2023-09-20,0
25,25,Ava Schmidt,59,2024-10-05,0
26,26,Zhang Schmidt,42,2023-06-15,0
27,27,Ava Nguyen,21,2024-04-16,0
28,28,Wei Smith,17,2024-01-29,0
29,29,Amara Nguyen,34,2024-04-30,0
30,30,Hao Takahashi,5,2024-07-04,1
31,31,James Lee,30,2024-07-24,0
32,32,Jing Garcia,40,2024-08-02,0
33,33,Marshall Smith,42,2024-03-05,0
34,34,Liam Smith,21,2024-06-14,0
35,35,Omar Brown,9,2024-10-06,1
36,36,Fatima Garcia,29,2025-01-27,1
37,37,Emma Brown,26,2024-11-11,1
38,38,Emma Gates,50,2024-11-19,1
39,39,Johannes Gates,40,2025-02-05,1
40,40,Li Brown,40,2023-11-07,0
41,41,James Skleegore,47,2023-10-04,0
42,42,Ethan Gates,17,2024-09-17,1
43,43,Olivia Smith,58,2023-10-13,0
44,44,Sophia Chen,29,2023-09-10,0
45,45,Audrey Lee,33,2023-07-09,0
46,46,Michael Patel,28,2025-01-29,1
47,47,James Smith,56,2023-11-14,0
48,48,Mei Brown,39,2024-02-06,0
49,49,Isabella Nguyen,15,2025-01-01,1
50,50,Julia Chen,20,2023-06-24,0
51,51,Johannes Nguyen,11,2024-06-14,0
52,52,Benjamin Chen,20,2024-04-12,0
53,53,Xiao Takahashi,51,2024-06-26,0
54,54,Emma Chen,54,2023-09-15,0
55,55,Ethan Patel,45,2023-07-03,0
56,56,Ava Gates,52,2024-12-16,1
57,57,James Aeterna,12,2024-10-07,1
58,58,Hao Skleegore,21,2023-07-03,0
59,59,Hao Patel,21,2024-11-16,1
60,60,Ava Skleegore,18,2023-11-26,0
61,61,Marshall Takahashi,22,2023-09-17,0
62,62,William Patel,8,2024-10-19,1
63,63,Charlotte Schmidt,42,2024-07-27,1
64,64,Zhang Lee,48,2024-11-22,1
65,65,Mateo Gates,32,2023-05-12,0
66,66,Charlotte Johnson,14,2023-11-20,0
67,67,William Smith,19,2023-04-30,0
68,68,Hao Skleegore,51,2024-07-01,0
69,69,Olivia Takahashi,5,2023-06-30,0
70,70,Benjamin Skleegore,32,2023-06-08,0
71,71,Mateo Takahashi,28,2024-06-21,0
72,72,Julia Gates,53,2024-02-08,0
73,73,Xia Garcia,5,2024-01-17,0
74,74,James Patel,41,2023-11-11,0
75,75,Xiao Nguyen,35,2024-08-06,1
76,76,Sophia Lee,42,2024-08-08,1
77,77,Ava Brown,42,2023-04-10,0
78,78,Ivan Aeterna,37,2023-09-11,0
79,79,Michael Gates,58,2024-12-27,1
80,80,James Skleegore,32,2023-05-06,0
81,81,Benjamin Chen,39,2023-06-17,0
82,82,Michael Nguyen,22,2024-09-02,0
83,83,Jing Patel,17,2023-06-12,0
84,84,Isabella Gates,50,2023-07-10,0
85,85,Xia Gates,28,2023-10-05,0
86,86,Ethan Banks,14,2023-06-13,0
87,87,Wen Chen,11,2024-10-26,1
88,88,Fatima Nguyen,29,2024-01-28,0
89,89,Jing Patel,26,2023-04-18,0
90,90,Bill Skleegore,28,2023-10-21,0
91,91,Xia Schmidt,15,2025-02-08,1
92,92,Johannes Banks,23,2024-12-02,1
93,93,Anya Skleegore,46,2024-02-25,0
94,94,Ava Banks,52,2023-10-09,0
95,95,Olivia Chen,21,2023-06-08,0
96,96,Olivia Johnson,12,2024-06-17,1
97,97,Omar Gates,12,2023-10-08,0
98,98,Wei Aeterna,32,2024-02-04,0
99,99,Anya Chen,8,2023-04-11,0
100,100,Michael Nguyen,22,2024-03-14,0
101,101,Johannes Takahashi,37,2023-09-01,0
102,102,Ivan Gates,50,2023-08-28,0
103,103,Audrey Patel,52,2024-11-12,1
104,104,Olivia Chen,13,2023-12-03,0
105,105,Ivan Smith,7,2024-11-06,1
106,106,Liam Brown,37,2024-01-23,0
107,107,Anya Lee,55,2024-04-02,0
108,108,Jing Chen,22,2024-11-16,1
109,109,Charlotte Smith,41,2024-06-09,1
110,110,Sophia Schmidt,49,2023-10-10,0
111,111,Michael Patel,24,2023-12-03,0
112,112,Omar Aeterna,48,2023-06-17,0
113,113,Lux Takahashi,24,2023-09-16,0
114,114,Charlotte Nguyen,51,2023-10-04,0
115,115,Lux Chen,9,2024-08-24,0
116,116,Michael Gates,58,2024-06-11,0
117,117,Jing Brown,47,2024-01-24,0
118,118,Olivia Brown,48,2025-01-22,1
119,119,Zhang Patel,15,2023-08-13,0
120,120,Audrey Nguyen,46,2023-09-17,0
121,121,Yuan Skleegore,32,2023-07-29,0
122,122,Jing Johnson,24,2024-02-26,0
123,123,James Schmidt,59,2025-01-28,1
124,124,Bill Smith,14,2024-06-28,0
125,125,Ivan Nguyen,35,2024-04-21,1
126,126,James Takahashi,25,2024-07-20,0
127,127,Chen Smith,10,2023-10-05,0
128,128,Ethan Chen,46,2024-11-03,1
129,129,Julia Aeterna,30,2023-10-03,0
130,130,Wei Patel,10,2024-05-07,1
131,131,Bill Nguyen,56,2023-06-18,0
132,132,Sophia Garcia,33,2023-07-21,0
133,133,Isabella Johnson,14,2025-02-01,1
134,134,Chen Smith,53,2023-04-11,0
135,135,Michael Aeterna,13,2025-02-14,1
136,136,William Lee,33,2023-06-07,0
137,137,Yuan Brown,54,2024-06-23,0
138,138,William Takahashi,51,2024-03-09,0
139,139,Santiago Chen,8,2023-06-30,0
140,140,Michael Schmidt,27,2024-06-17,0
141,141,Sophia Banks,48,2023-09-10,0
142,142,Olivia Garcia,45,2024-01-22,0
143,143,Ava Banks,50,2024-03-13,0
144,144,Jing Aeterna,32,2024-01-16,0
145,145,Ava Brown,60,2024-08-05,1
146,146,Hao Chen,37,2024-11-14,1
147,147,Wei Brown,8,2023-12-18,0
148,148,Xiao Schmidt,15,2023-11-04,0
149,149,Sophia Nguyen,38,2024-10-08,1
150,150,Anya Gates,7,2024-10-02,1
151,151,Benjamin Banks,59,2023-05-12,0
152,152,Chen Lee,52,2023-12-13,0
153,153,Sophia Banks,43,2024-07-20,1
154,154,Wen Garcia,12,2023-04-12,0
155,155,Xiao Chen,57,2024-08-30,1
156,156,Ava Smith,55,2025-01-17,1
157,157,Olivia Skleegore,13,2023-10-25,0
158,158,Michael Aeterna,32,2023-06-03,0
159,159,Emma Smith,12,2024-11-22,1
160,160,Mei Gates,51,2024-09-10,0
161,161,Ava Garcia,28,2024-09-04,0
162,162,Chen Banks,37,2023-03-27,0
163,163,Yuan Nguyen,29,2023-06-14,0
164,164,Santiago Takahashi,39,2023-06-11,0
165,165,Jing Johnson,47,2023-05-24,0
166,166,Julia Banks,34,2023-12-15,0
167,167,Ava Takahashi,40,2024-10-20,1
168,168,Anya Lee,41,2023-11-29,0
169,169,Li Lee,23,2024-07-17,0
170,170,Bill Smith,54,2023-05-29,0
171,171,Sophia Garcia,55,2024-04-12,0
172,172,Michael Patel,54,2023-11-13,0
173,173,Benjamin Garcia,37,2024-05-26,0
174,174,Sophia Patel,46,2024-12-25,1
175,175,Zhang Nguyen,40,2024-12-15,1
176,176,Mei Banks,53,2024-10-07,1
177,177,Michael Banks,17,2024-04-08,1
178,178,Anya Aeterna,57,2023-04-25,0
179,179,Wei Takahashi,36,2024-10-31,0
180,180,Fatima Gates,42,2023-06-27,0
181,181,Fatima Brown,43,2023-10-04,0
182,182,Audrey Garcia,25,2023-12-20,0
183,183,James Takahashi,31,2024-12-22,1
184,184,Mateo Aeterna,34,2023-04-19,0
185,185,James Patel,28,2024-04-14,0
186,186,James Garcia,38,2024-01-20,0
187,187,Michael Banks,7,2023-11-04,0
188,188,Mateo Garcia,16,2023-06-14,0
189,189,Jing Johnson,60,2023-06-22,0
190,190,Charlotte Banks,35,2024-06-24,0
191,191,Audrey Aeterna,25,2023-03-28,0
192,192,Isabella Nguyen,34,2024-10-14,1
193,193,Olivia Lee,29,2024-10-28,1
194,194,Sophia Brown,39,2024-12-16,1
195,195,Mateo Nguyen,12,2024-04-09,0
196,196,Marshall Aeterna,29,2025-02-02,1
197,197,Benjamin Takahashi,48,2024-11-09,1
198,198,Lux Smith,13,2023-08-19,0
199,199,Michael Smith,19,2024-06-28,1
200,200,Sophia Johnson,45,2024-03-23,0
201,201,Ethan Lee,29,2024-02-12,0
202,202,Marshall Smith,46,2023-04-01,0
203,203,Jing Garcia,40,2023-07-24,0
204,204,Omar Schmidt,16,2024-04-05,0
205,205,Michael Aeterna,37,2024-04-03,0
206,206,Sophia Lee,49,2023-04-29,0
207,207,Bill Skleegore,27,2023-11-16,0
208,208,Audrey Banks,15,2023-05-08,0
209,209,Santiago Banks,31,2024-06-20,0
210,210,Mei Garcia,45,2023-07-09,0
211,211,Ethan Brown,37,2023-08-27,0
212,212,Fatima Garcia,33,2024-12-02,1
213,213,Sophia Schmidt,57,2024-05-23,0
214,214,James Aeterna,11,2024-07-27,0
215,215,Mei Chen,24,2023-11-13,0
216,216,Sophia Garcia,48,2024-05-27,1
217,217,Isabella Skleegore,45,2024-06-21,0
218,218,Julia Takahashi,11,2024-06-25,1
219,219,Audrey Aeterna,52,2023-08-19,0
220,220,Bill Garcia,48,2024-07-20,0
221,221,Emma Johnson,28,2024-08-02,1
222,222,Fatima Brown,19,2024-07-31,0
223,223,Emma Garcia,16,2023-08-14,0
224,224,Liam Skleegore,23,2024-07-06,0
225,225,Chen Johnson,56,2023-05-30,0
226,226,Hao Aeterna,28,2024-04-27,1
227,227,Audrey Skleegore,30,2023-04-29,0
228,228,Charlotte Nguyen,30,2023-08-29,0
229,229,Sophia Skleegore,60,2024-07-20,0
230,230,Lux Takahashi,22,2024-07-18,1
231,231,Chen Nguyen,29,2024-07-18,0
232,232,Bill Takahashi,59,2023-10-09,0
233,233,Olivia Garcia,49,2023-09-11,0
234,234,Xia Smith,20,2024-02-09,0
235,235,Julia Nguyen,51,2023-07-17,0
236,236,Audrey Nguyen,36,2024-10-26,0
237,237,Sophia Brown,52,2023-10-25,0
238,238,Olivia Johnson,49,2025-01-18,1
239,239,Charlotte Garcia,48,2024-05-15,0
240,240,Bill Aeterna,33,2023-09-28,0
241,241,Benjamin Schmidt,54,2023-11-21,0
242,242,Julia Skleegore,60,2023-12-13,0
243,243,Bill Johnson,46,2023-05-10,0
244,244,William Patel,11,2023-08-19,0
245,245,Marshall Banks,45,2023-09-05,0
246,246,Ethan Garcia,59,2024-04-09,0
247,247,Zhang Garcia,57,2024-08-05,0
248,248,Audrey Garcia,22,2024-12-05,1
249,249,Olivia Chen,55,2024-10-29,1
250,250,Olivia Lee,15,2025-01-19,1
251,251,Benjamin Brown,55,2025-02-22,1
252,252,Santiago Gates,50,2025-02-19,1
253,253,Santiago Johnson,34,2024-09-01,1
254,254,William Johnson,20,2023-12-12,0
255,255,Julia Aeterna,57,2023-05-05,0
256,256,Audrey Johnson,35,2024-04-16,1
257,257,James Garcia,26,2024-07-04,0
258,258,Marshall Aeterna,20,2023-07-01,0
259,259,Li Smith,31,2023-10-15,0
260,260,Anya Chen,13,2024-04-30,0
261,261,Wen Patel,10,2024-08-21,1
262,262,Omar Garcia,55,2023-11-01,0
263,263,Isabella Aeterna,24,2024-04-05,0
264,264,Marshall Lee,32,2023-07-09,0
265,265,Olivia Aeterna,39,2023-09-09,0
266,266,Audrey Takahashi,53,2023-09-14,0
267,267,Anya Gates,35,2024-12-27,1
268,268,Liam Lee,41,2024-02-12,0
269,269,Marshall Banks,30,2025-01-11,1
270,270,Julia Brown,21,2024-04-09,0
271,271,Emma Banks,41,2023-11-01,0
272,272,Xiao Chen,59,2024-11-17,1
273,273,Bill Gates,44,2024-09-14,0
274,274,Charlotte Gates,14,2024-10-14,1
275,275,Bill Brown,25,2024-02-01,0
276,276,Emma Lee,31,2024-02-07,0
277,277,Amara Aeterna,24,2023-12-25,0
278,278,Michael Brown,15,2023-04-28,0
279,279,Michael Chen,18,2023-06-26,0
280,280,Hao Nguyen,29,2024-12-13,1
281,281,Emma Lee,36,2023-04-16,0
282,282,Xia Brown,37,2023-04-22,0
283,283,Ivan Brown,46,2023-05-23,0
284,284,James Skleegore,46,2024-08-06,1
285,285,Bill Gates,23,2024-02-25,0
286,286,Wen Skleegore,57,2023-11-19,0
287,287,Olivia Skleegore,32,2024-07-04,1
288,288,William Skleegore,26,2023-04-22,0
289,289,Michael Garcia,36,2023-04-15,0
290,290,Audrey Gates,41,2023-08-10,0
291,291,Julia Lee,9,2023-10-29,0
292,292,Olivia Takahashi,19,2024-12-27,1
293,293,Benjamin Johnson,17,2024-01-21,0
294,294,Lux Chen,39,2023-04-14,0
295,295,Marshall Takahashi,23,2023-09-28,0
296,296,Marshall Garcia,26,2024-01-09,0
297,297,Ava Johnson,31,2024-10-01,0
298,298,Sophia Gates,22,2024-03-07,0
299,299,Jing Garcia,8,2023-08-30,0
300,300,Charlotte Brown,23,2024-06-03,0
301,301,James Skleegore,36,2023-09-09,0
302,302,Xiao Garcia,27,2025-01-24,1
303,303,Michael Nguyen,35,2024-03-05,0
304,304,Xia Aeterna,6,2024-09-21,1
305,305,Michael Garcia,30,2023-05-09,0
306,306,Ethan Lee,33,2023-10-09,0
307,307,Charlotte Nguyen,24,2024-03-21,0
308,308,Charlotte Garcia,17,2023-03-27,0
309,309,Amara Patel,46,2024-10-11,1
310,310,Bill Gates,13,2023-10-04,0
311,311,Audrey Garcia,12,2024-03-27,0
312,312,Michael Nguyen,47,2024-06-09,1
313,313,Johannes Nguyen,25,2024-02-04,0
314,314,Charlotte Takahashi,59,2024-03-29,0
315,315,William Skleegore,19,2023-07-02,0
316,316,Charlotte Garcia,36,2023-11-21,0
317,317,Sophia Garcia,25,2023-08-06,0
318,318,Bill Aeterna,10,2024-01-04,0
319,319,Lux Lee,14,2023-06-24,0
320,320,Ava Banks,26,2023-06-07,0
321,321,Sophia Lee,29,2023-10-15,0
322,322,Audrey Schmidt,57,2023-12-17,0
323,323,Ava Takahashi,46,2024-04-30,0
324,324,Benjamin Chen,15,2024-03-26,0
325,325,Li Garcia,32,2024-11-03,1
326,326,Ethan Johnson,60,2024-04-01,0
327,327,Johannes Gates,9,2024-12-25,1
328,328,Sophia Garcia,41,2023-05-31,0
329,329,Julia Garcia,59,2023-11-22,0
330,330,James Brown,10,2023-10-26,0
331,331,Anya Johnson,16,2023-08-28,0
332,332,Marshall Takahashi,11,2024-09-17,1
333,333,Bill Gates,60,2023-07-10,0
334,334,Audrey Gates,12,2023-06-28,0
335,335,Bill Banks,5,2024-09-09,1
336,336,Benjamin Nguyen,48,2024-10-24,1
337,337,Sophia Gates,49,2023-07-30,0
338,338,William Aeterna,30,2024-04-09,0
339,339,Yuan Lee,18,2024-02-12,0
340,340,Jing Nguyen,25,2023-08-02,0
341,341,Yuan Smith,49,2024-02-15,0
342,342,Charlotte Nguyen,49,2023-05-19,0
343,343,Michael Skleegore,55,2023-08-11,0
344,344,Olivia Banks,25,2024-09-20,1
345,345,Audrey Skleegore,18,2024-03-02,0
346,346,Benjamin Takahashi,20,2024-08-26,1
347,347,Chen Nguyen,11,2024-01-09,0
348,348,Ava Gates,35,2024-10-29,1
349,349,Olivia Schmidt,29,2024-10-14,1
350,350,Mei Lee,46,2023-08-06,0
351,351,Ava Skleegore,48,2024-06-27,1
352,352,Sophia Smith,54,2024-07-02,0
353,353,Michael Garcia,41,2024-12-06,1
354,354,Xia Schmidt,52,2024-08-01,0
355,355,Marshall Patel,41,2023-11-21,0
356,356,Wen Schmidt,8,2023-04-23,0
357,357,Bill Nguyen,41,2024-03-21,0
358,358,Marshall Banks,30,2025-01-18,1
359,359,Liam Aeterna,45,2024-12-12,1
360,360,Sophia Nguyen,26,2024-01-23,0
361,361,Chen Chen,11,2024-08-24,0
362,362,Lux Garcia,60,2024-03-17,0
363,363,Michael Schmidt,31,2024-08-07,1
364,364,Hao Takahashi,14,2024-02-06,0
365,365,Michael Takahashi,18,2024-02-23,0
366,366,Ethan Schmidt,48,2024-11-22,1
367,367,Olivia Brown,11,2024-02-05,0
368,368,William Schmidt,57,2023-06-12,0
369,369,Xia Skleegore,35,2023-05-11,0
370,370,Audrey Brown,51,2023-05-10,0
371,371,Hao Brown,16,2024-04-03,0
372,372,Xia Chen,30,2024-07-20,0
373,373,Fatima Lee,51,2023-10-08,0
374,374,Marshall Lee,49,2025-01-09,1
375,375,Ethan Chen,54,2023-07-30,0
376,376,Santiago Patel,60,2024-07-17,0
377,377,Julia Smith,19,2024-10-19,1
378,378,Michael Johnson,5,2024-06-19,0
379,379,Mei Smith,32,2024-10-28,1
380,380,Mateo Takahashi,48,2024-04-15,0
381,381,Sophia Brown,13,2023-04-05,0
382,382,Emma Gates,9,2024-02-03,0
383,383,Olivia Smith,32,2024-07-20,0
384,384,Santiago Patel,8,2025-01-05,1
385,385,Ethan Banks,36,2023-11-05,0
386,386,Liam Takahashi,29,2024-08-29,0
387,387,Sophia Skleegore,32,2024-09-14,0
388,388,Michael Nguyen,39,2023-12-30,0
389,389,Marshall Aeterna,45,2023-12-05,0
390,390,Ivan Garcia,19,2024-02-07,0
391,391,Xiao Johnson,5,2024-05-09,0
392,392,Charlotte Gates,48,2023-11-03,0
393,393,James Chen,25,2023-11-23,0
394,394,Wen Brown,49,2024-06-06,1
395,395,Yuan Chen,33,2024-04-06,0
396,396,Charlotte Lee,50,2023-12-20,0
397,397,Sophia Johnson,22,2024-05-20,0
398,398,Benjamin Nguyen,48,2024-04-06,1
399,399,Ava Garcia,16,2023-07-30,0
400,400,Mateo Nguyen,5,2023-05-15,0
401,401,Olivia Aeterna,23,2023-04-19,0
402,402,Bill Garcia,33,2024-09-09,1
403,403,Sophia Patel,31,2024-03-12,0
404,404,Lux Skleegore,25,2023-07-25,0
405,405,Zhang Brown,57,2023-08-05,0
406,406,Emma Chen,51,2024-07-01,0
407,407,Hao Skleegore,15,2023-05-08,0
408,408,Audrey Lee,23,2024-04-27,0
409,409,Xiao Nguyen,60,2024-07-31,1
410,410,Charlotte Johnson,15,2024-07-12,0
411,411,Amara Chen,6,2024-07-20,1
412,412,James Schmidt,24,2024-10-06,1
413,413,Michael Gates,41,2024-07-21,0
414,414,Charlotte Patel,53,2024-02-09,0
415,415,James Chen,28,2024-12-06,1
416,416,Marshall Lee,29,2024-05-24,0
417,417,William Chen,48,2023-07-31,0
418,418,Benjamin Patel,43,2024-05-17,0
419,419,Zhang Skleegore,26,2024-03-24,0
420,420,Liam Schmidt,18,2024-12-06,0
421,421,Emma Banks,53,2024-05-06,0
422,422,Amara Gates,18,2024-05-01,0
423,423,Amara Aeterna,38,2024-05-14,0
424,424,Marshall Johnson,59,2024-09-16,1
425,425,Marshall Smith,35,2024-04-08,0
426,426,Marshall Brown,15,2023-05-04,0
427,427,Bill Brown,37,2024-07-20,1
428,428,Audrey Banks,12,2024-04-28,0
429,429,Jing Lee,45,2024-10-02,0
430,430,Sophia Johnson,27,2024-10-15,1
431,431,Johannes Gates,26,2023-10-28,0
432,432,Ava Takahashi,58,2024-06-19,1
433,433,Liam Gates,47,2024-07-30,0
434,434,Yuan Lee,54,2024-02-08,0
435,435,Omar Johnson,8,2023-06-25,0
436,436,Liam Patel,55,2024-10-19,1
437,437,Xiao Nguyen,45,2023-07-12,0
438,438,Julia Skleegore,41,2023-10-07,0
439,439,Marshall Schmidt,7,2023-07-23,0
440,440,Bill Patel,17,2024-10-21,1
441,441,Isabella Gates,39,2025-01-16,1
442,442,Omar Skleegore,34,2025-01-15,1
443,443,Benjamin Takahashi,35,2023-05-23,0
444,444,Audrey Nguyen,55,2023-05-07,0
445,445,Benjamin Aeterna,49,2024-12-22,1
446,446,Omar Takahashi,34,2024-04-29,0
447,447,Charlotte Takahashi,22,2023-05-04,0
448,448,Jing Lee,11,2024-10-20,1
449,449,Michael Gates,31,2024-09-17,1
450,450,Audrey Johnson,46,2024-09-04,0
451,451,Ivan Banks,5,2023-07-14,0
452,452,Isabella Johnson,31,2024-04-08,0
453,453,Hao Lee,19,2024-06-20,0
454,454,Yuan Banks,6,2024-06-19,0
455,455,James Skleegore,44,2024-08-07,0
456,456,Ava Lee,13,2024-02-19,0
457,457,Amara Garcia,23,2024-05-27,0
458,458,Santiago Gates,52,2024-10-21,1
459,459,Ivan Garcia,25,2024-11-22,0
460,460,Omar Skleegore,38,2025-02-05,1
461,461,Isabella Lee,14,2024-07-08,1
462,462,Bill Aeterna,18,2024-04-14,0
463,463,Jing Nguyen,15,2023-05-01,0
464,464,Bill Takahashi,27,2024-11-22,1
465,465,Sophia Nguyen,12,2023-07-11,0
466,466,Julia Chen,24,2024-06-15,0
467,467,Emma Chen,11,2023-06-19,0
468,468,Emma Schmidt,28,2024-04-29,0
469,469,Michael Schmidt,16,2023-08-16,0
470,470,Zhang Skleegore,54,2024-11-14,1
471,471,Isabella Chen,36,2023-08-22,0
472,472,Jing Lee,17,2023-05-03,0
473,473,Bill Lee,52,2023-04-13,0
474,474,James Gates,58,2023-07-31,0
475,475,Emma Aeterna,21,2023-11-16,0
476,476,Santiago Garcia,9,2024-04-20,0
477,477,Sophia Nguyen,38,2024-04-04,0
478,478,Julia Aeterna,8,2024-09-10,1
479,479,Emma Gates,10,2024-11-27,0
480,480,Zhang Schmidt,47,2024-07-27,1
481,481,Ava Patel,47,2025-01-14,1
482,482,Sophia Lee,26,2024-02-04,0
483,483,Bill Chen,38,2024-06-25,0
484,484,Lux Patel,7,2024-05-10,0
485,485,Audrey Smith,8,2024-06-28,1
486,486,Amara Smith,22,2025-01-25,1
487,487,Mateo Lee,50,2024-08-31,1
488,488,Ivan Nguyen,51,2023-12-22,0
489,489,Mateo Patel,52,2024-11-01,1
490,490,Xia Johnson,7,2024-01-17,0
491,491,Michael Johnson,10,2023-08-14,0
492,492,Chen Aeterna,35,2023-10-26,0
493,493,Anya Garcia,60,2023-04-14,0
494,494,Audrey Gates,58,2024-06-01,0
495,495,Mateo Lee,38,2024-06-18,1
496,496,Ava Brown,57,2023-07-06,0
497,497,Yuan Skleegore,32,2024-10-24,1
498,498,Omar Johnson,59,2024-08-09,0
499,499,James Schmidt,29,2024-04-01,0
500,500,Liam Lee,5,2024-11-04,1
501,501,James Brown,19,2024-07-30,0
502,502,Anya Chen,53,2024-09-21,1
503,503,Michael Schmidt,41,2024-03-12,0
504,504,Michael Aeterna,6,2024-09-14,0
505,505,Julia Takahashi,20,2024-11-03,1
506,506,Ava Nguyen,49,2023-12-06,0
507,507,Ethan Schmidt,14,2023-12-06,0
508,508,Michael Gates,45,2023-12-25,0
509,509,James Takahashi,40,2023-05-15,0
510,510,Lux Skleegore,16,2024-06-12,0
511,511,Ethan Nguyen,20,2024-04-13,0
512,512,Audrey Patel,39,2025-02-02,1
513,513,Charlotte Nguyen,53,2023-10-31,0
514,514,Santiago Takahashi,26,2024-09-14,1
515,515,Li Brown,53,2024-01-27,0
516,516,Charlotte Aeterna,12,2024-06-15,1
517,517,Xiao Banks,53,2023-04-29,0
518,518,Ava Chen,14,2025-01-17,1
519,519,Audrey Schmidt,59,2024-12-13,1
520,520,Chen Chen,53,2024-12-14,1
521,521,Ava Patel,38,2024-07-27,1
522,522,Michael Chen,7,2024-06-22,0
523,523,Bill Schmidt,54,2023-05-08,0
524,524,Olivia Garcia,23,2023-08-08,0
525,525,William Aeterna,17,2024-05-24,0
526,526,Julia Patel,45,2023-12-22,0
527,527,Charlotte Banks,56,2024-09-23,0
528,528,Ivan Banks,26,2024-04-16,0
529,529,Bill Garcia,34,2024-05-15,0
530,530,Yuan Nguyen,14,2024-11-20,1
531,531,Zhang Gates,20,2024-04-05,0
532,532,James Skleegore,58,2024-09-13,0
533,533,Anya Brown,37,2023-12-21,0
534,534,Anya Banks,45,2024-11-28,1
535,535,Sophia Skleegore,19,2023-07-13,0
536,536,James Lee,22,2023-08-28,0
537,537,Marshall Lee,45,2023-10-25,0
538,538,Wen Smith,20,2024-01-19,0
539,539,Ethan Banks,55,2023-08-08,0
540,540,Ivan Patel,49,2024-06-08,1
541,541,Audrey Brown,36,2023-10-16,0
542,542,James Brown,53,2023-05-03,0
543,543,Santiago Lee,51,2023-12-06,0
544,544,Ava Aeterna,30,2023-09-13,0
545,545,Liam Gates,44,2023-06-29,0
546,546,Hao Lee,9,2024-03-08,0
547,547,Ava Nguyen,24,2024-05-26,0
548,548,Olivia Skleegore,27,2024-05-27,1
549,549,Sophia Aeterna,5,2024-04-09,0
550,550,William Takahashi,40,2023-11-20,0
551,551,Marshall Lee,54,2024-10-20,1
552,552,Yuan Takahashi,18,2024-06-28,0
553,553,Ava Skleegore,19,2023-09-10,0
554,554,Fatima Takahashi,55,2024-10-10,1
555,555,Mateo Nguyen,10,2025-01-06,1
556,556,Johannes Patel,9,2023-05-03,0
557,557,Olivia Brown,53,2024-06-06,0
558,558,Ivan Nguyen,5,2023-07-19,0
559,559,William Gates,22,2025-02-01,1
560,560,Xia Chen,59,2023-09-08,0
561,561,Omar Nguyen,20,2023-05-23,0
562,562,Jing Schmidt,29,2023-11-27,0
563,563,Ivan Gates,21,2024-08-02,1
564,564,Marshall Garcia,21,2023-07-29,0
565,565,Benjamin Aeterna,27,2024-09-23,0
566,566,Audrey Johnson,48,2024-07-25,0
567,567,James Garcia,31,2025-01-27,1
568,568,Liam Garcia,35,2023-08-20,0
569,569,Omar Nguyen,44,2025-01-10,1
570,570,Olivia Johnson,11,2023-11-22,0
571,571,Ethan Garcia,8,2023-05-23,0
572,572,Audrey Aeterna,54,2024-03-07,0
573,573,Michael Chen,20,2024-12-08,1
574,574,Julia Schmidt,41,2023-06-12,0
575,575,Isabella Schmidt,13,2024-07-07,1
576,576,Marshall Chen,44,2024-03-30,0
577,577,Chen Smith,11,2024-06-22,1
578,578,Ethan Aeterna,13,2024-03-13,0
579,579,Liam Patel,56,2023-10-10,0
580,580,Olivia Gates,14,2025-02-01,1
581,581,Audrey Skleegore,12,2024-01-16,0
582,582,Lux Skleegore,46,2024-01-30,0
583,583,James Chen,20,2023-08-02,0
584,584,Ava Johnson,38,2025-02-09,1
585,585,Benjamin Schmidt,44,2024-03-22,0
586,586,Yuan Nguyen,33,2023-05-29,0
587,587,Hao Johnson,54,2023-11-03,0
588,588,Charlotte Lee,24,2024-09-30,1
589,589,Mateo Takahashi,9,2024-04-06,0
590,590,Isabella Brown,35,2024-02-18,0
591,591,Sophia Brown,59,2024-08-09,0
592,592,James Schmidt,56,2023-07-14,0
593,593,Jing Johnson,55,2024-05-07,0
594,594,Audrey Brown,26,2024-10-21,1
595,595,James Chen,9,2023-10-03,0
596,596,Benjamin Patel,58,2023-06-07,0
597,597,Wei Brown,54,2025-01-12,1
598,598,Michael Takahashi,45,2025-01-23,1
599,599,Audrey Aeterna,60,2023-06-24,0
600,600,Marshall Chen,32,2023-06-19,0
601,601,Omar Smith,20,2024-08-17,1
602,602,Jing Nguyen,18,2024-01-11,0
603,603,Hao Chen,40,2024-02-05,0
604,604,Ivan Garcia,44,2023-08-08,0
605,605,Santiago Garcia,58,2024-06-16,1
606,606,Xia Garcia,37,2024-03-08,0
607,607,James Schmidt,58,2024-11-23,1
608,608,Olivia Schmidt,34,2025-01-25,1
609,609,Zhang Banks,39,2024-12-07,1
610,610,Benjamin Johnson,13,2025-01-20,1
611,611,Olivia Brown,37,2024-02-09,0
612,612,William Takahashi,53,2024-05-30,0
613,613,Ivan Lee,52,2024-02-26,0
614,614,Michael Chen,36,2023-03-27,0
615,615,Ivan Skleegore,11,2024-03-02,0
616,616,Emma Aeterna,35,2023-05-30,0
617,617,Ava Brown,36,2023-05-19,0
618,618,Liam Patel,17,2023-11-11,0
619,619,Liam Aeterna,24,2024-09-16,0
620,620,Anya Aeterna,57,2023-12-08,0
621,621,Amara Smith,49,2025-02-04,1
622,622,Benjamin Johnson,23,2023-10-06,0
623,623,William Schmidt,54,2023-07-01,0
624,624,James Schmidt,59,2024-07-06,1
625,625,Ethan Banks,25,2024-02-13,0
626,626,Mei Skleegore,49,2024-09-22,1
627,627,Wen Schmidt,7,2024-09-09,0
628,628,Hao Smith,35,2023-09-30,0
629,629,Audrey Brown,26,2023-09-18,0
630,630,Audrey Brown,56,2024-12-30,1
631,631,Ethan Johnson,7,2023-05-05,0
632,632,Ava Johnson,56,2023-11-19,0
633,633,Mateo Lee,7,2024-04-16,0
634,634,Julia Gates,15,2024-07-23,0
635,635,Benjamin Gates,57,2024-12-20,1
636,636,Santiago Nguyen,34,2023-09-24,0
637,637,Ivan Johnson,20,2023-09-28,0
638,638,Xia Aeterna,29,2023-10-05,0
639,639,Sophia Skleegore,7,2023-06-26,0
640,640,Lux Brown,45,2023-03-28,0
641,641,Marshall Takahashi,47,2024-07-15,0
642,642,Olivia Patel,44,2023-07-18,0
643,643,Sophia Lee,44,2024-10-20,1
644,644,Bill Skleegore,33,2024-04-28,0
645,645,Audrey Garcia,32,2024-09-22,0
646,646,Benjamin Johnson,20,2024-04-25,0
647,647,Julia Smith,21,2025-02-05,1
648,648,Jing Brown,22,2024-07-08,0
649,649,Xiao Aeterna,46,2024-08-04,0
650,650,Olivia Lee,15,2023-04-09,0
651,651,Liam Johnson,22,2024-02-20,0
652,652,Benjamin Brown,30,2024-01-17,0
653,653,Johannes Chen,60,2023-09-11,0
654,654,Charlotte Schmidt,39,2024-06-27,0
655,655,Lux Smith,30,2023-11-11,0
656,656,Mei Takahashi,7,2024-02-13,0
657,657,Liam Patel,40,2023-10-24,0
658,658,Lux Patel,35,2023-05-30,0
659,659,Benjamin Garcia,53,2024-10-26,1
660,660,Sophia Johnson,36,2024-04-10,0
661,661,Santiago Johnson,40,2023-05-19,0
662,662,Bill Lee,25,2023-06-03,0
663,663,Liam Chen,22,2024-01-12,0
664,664,James Banks,16,2024-12-19,1
665,665,James Patel,35,2024-03-05,0
666,666,Audrey Banks,25,2024-12-09,1
667,667,Julia Gates,24,2023-05-12,0
668,668,Omar Nguyen,6,2023-08-06,0
669,669,Olivia Garcia,45,2024-07-28,1
670,670,Chen Johnson,6,2023-10-16,0
671,671,Charlotte Banks,51,2025-02-06,1
672,672,Charlotte Banks,40,2024-06-14,0
673,673,Emma Nguyen,24,2023-04-22,0
674,674,Xia Lee,35,2023-07-30,0
675,675,Santiago Takahashi,55,2023-12-24,0
676,676,Li Brown,11,2023-12-12,0
677,677,Ethan Lee,52,2023-09-19,0
678,678,Zhang Banks,52,2024-03-29,0
679,679,Wen Brown,37,2023-12-25,0
680,680,Xia Garcia,38,2024-05-01,0
681,681,Ivan Skleegore,28,2023-06-09,0
682,682,Audrey Takahashi,41,2024-01-25,0
683,683,Yuan Banks,47,2025-01-05,1
684,684,Lux Smith,18,2023-08-20,0
685,685,Wei Smith,59,2023-06-25,0
686,686,Michael Aeterna,28,2024-04-21,0
687,687,Marshall Nguyen,14,2023-05-10,0
688,688,Yuan Schmidt,19,2024-12-29,1
689,689,Wei Brown,37,2023-04-04,0
690,690,Charlotte Chen,8,2023-06-25,0
691,691,Amara Takahashi,47,2025-02-01,1
692,692,Mateo Brown,37,2024-08-25,1
693,693,Sophia Patel,13,2024-10-21,1
694,694,Marshall Banks,59,2024-07-18,0
695,695,William Smith,31,2023-09-03,0
696,696,Zhang Skleegore,34,2023-07-26,0
697,697,Li Chen,50,2024-02-22,0
698,698,James Banks,19,2023-11-23,0
699,699,James Johnson,60,2023-08-02,0
700,700,William Nguyen,57,2024-05-16,0
701,701,Sophia Skleegore,6,2023-08-14,0
702,702,Lux Smith,40,2024-05-14,0
703,703,Fatima Skleegore,49,2023-07-06,0
704,704,Xiao Schmidt,49,2024-03-24,0
705,705,Bill Banks,20,2024-08-08,0
706,706,Hao Johnson,9,2023-10-07,0
707,707,William Nguyen,14,2025-02-23,1
708,708,Wen Aeterna,42,2023-10-05,0
709,709,Ava Gates,18,2024-05-02,0
710,710,Ethan Nguyen,38,2023-09-01,0
711,711,Olivia Garcia,22,2023-04-10,0
712,712,Julia Banks,42,2025-02-03,1
713,713,Marshall Takahashi,11,2024-11-30,1
714,714,Charlotte Gates,48,2024-09-27,0
715,715,Wen Aeterna,23,2023-05-05,0
716,716,Amara Garcia,8,2024-10-27,1
717,717,Amara Banks,31,2024-02-27,0
718,718,Marshall Skleegore,37,2023-10-27,0
719,719,Lux Nguyen,46,2024-08-05,1
720,720,Bill Aeterna,51,2023-11-13,0
721,721,Anya Nguyen,40,2024-03-13,0
722,722,Wen Chen,9,2024-03-10,0
723,723,Wen Gates,47,2023-08-13,0
724,724,Emma Nguyen,5,2023-10-05,0
725,725,William Banks,17,2023-12-19,0
726,726,Chen Garcia,23,2023-08-03,0
727,727,Benjamin Skleegore,12,2023-08-07,0
728,728,Charlotte Takahashi,59,2023-12-25,0
729,729,Chen Patel,49,2024-11-29,1
730,730,William Aeterna,58,2024-02-09,0
731,731,Xiao Patel,36,2023-08-23,0
732,732,Xiao Chen,53,2024-09-13,0
733,733,Mateo Gates,53,2024-11-01,1
734,734,Yuan Patel,22,2023-11-30,0
735,735,Ethan Takahashi,45,2023-07-16,0
736,736,Lux Gates,49,2024-07-01,1
737,737,Liam Lee,36,2023-08-06,0
738,738,Marshall Schmidt,15,2023-12-13,0
739,739,Michael Skleegore,27,2025-02-02,1
740,740,Mateo Garcia,5,2024-05-01,0
741,741,Marshall Gates,54,2024-12-14,1
742,742,Michael Chen,21,2024-12-20,1
743,743,Michael Chen,17,2025-02-24,1
744,744,Anya Takahashi,7,2023-10-01,0
745,745,Ivan Schmidt,12,2024-02-03,0
746,746,Sophia Banks,21,2023-05-07,0
747,747,Wen Chen,32,2023-10-21,0
748,748,Olivia Chen,21,2023-05-09,0
749,749,Omar Banks,25,2023-04-16,0
750,750,Charlotte Johnson,41,2024-07-09,1
751,751,Omar Johnson,60,2024-07-22,0
752,752,Charlotte Gates,25,2024-12-26,1
753,753,Ivan Gates,49,2025-01-04,1
754,754,Xia Lee,42,2024-05-31,0
755,755,Benjamin Patel,29,2023-09-07,0
756,756,Ethan Schmidt,23,2024-02-06,0
757,757,Bill Johnson,52,2025-02-23,1
758,758,Anya Chen,34,2023-10-13,0
759,759,Ava Smith,50,2024-10-27,1
760,760,Olivia Schmidt,45,2024-01-06,0
761,761,Charlotte Aeterna,13,2025-01-29,1
762,762,Isabella Banks,31,2023-10-09,0
763,763,Benjamin Gates,20,2024-10-19,0
764,764,Hao Smith,36,2023-04-30,0
765,765,Lux Takahashi,39,2024-06-30,0
766,766,Charlotte Banks,10,2024-12-07,1
767,767,Isabella Banks,25,2024-08-21,0
768,768,Sophia Nguyen,35,2024-05-15,0
769,769,Mei Johnson,14,2025-01-08,1
770,770,Chen Gates,28,2023-11-30,0
771,771,Wei Johnson,29,2024-07-06,1
772,772,Emma Chen,33,2024-05-31,0
773,773,Ava Nguyen,7,2024-10-07,1
774,774,Michael Schmidt,27,2024-12-04,0
775,775,Julia Skleegore,60,2023-11-25,0
776,776,Johannes Smith,48,2024-11-18,1
777,777,Bill Chen,11,2024-06-17,1
778,778,Mei Aeterna,7,2024-02-07,0
779,779,Olivia Johnson,34,2024-03-13,0
780,780,Liam Skleegore,44,2023-09-24,0
781,781,Olivia Chen,51,2024-01-05,0
782,782,Emma Gates,29,2024-04-13,0
783,783,Xia Schmidt,60,2025-01-12,1
784,784,James Smith,53,2023-05-20,0
785,785,Audrey Brown,8,2024-10-04,0
786,786,Julia Aeterna,31,2025-02-16,1
787,787,Bill Aeterna,60,2024-09-22,0
788,788,William Banks,39,2024-12-28,1
789,789,James Patel,56,2023-07-13,0
790,790,William Skleegore,28,2024-11-16,0
791,791,James Nguyen,14,2023-12-23,0
792,792,Ivan Gates,33,2023-10-08,0
793,793,Mateo Nguyen,15,2023-09-04,0
794,794,Charlotte Brown,17,2025-02-09,1
795,795,Amara Smith,10,2024-01-24,0
796,796,Yuan Brown,50,2023-05-22,0
797,797,Liam Schmidt,13,2024-03-21,0
798,798,Ethan Brown,55,2024-10-11,1
799,799,Bill Takahashi,46,2024-11-28,1
800,800,Johannes Smith,7,2025-01-01,1
801,801,Ava Takahashi,51,2024-02-26,0
802,802,Omar Smith,31,2023-12-31,0
803,803,Bill Chen,36,2024-05-27,0
804,804,Xia Skleegore,52,2024-07-26,1
805,805,Emma Chen,49,2023-10-30,0
806,806,Amara Chen,10,2024-01-30,0
807,807,Audrey Lee,12,2024-05-22,1
808,808,James Garcia,35,2024-12-12,1
809,809,Ethan Aeterna,35,2023-07-08,0
810,810,Charlotte Gates,30,2023-12-24,0
811,811,Lux Banks,39,2023-12-08,0
812,812,Amara Aeterna,18,2024-04-01,0
813,813,Emma Chen,30,2023-10-12,0
814,814,Li Banks,9,2023-04-27,0
815,815,Marshall Chen,40,2023-05-12,0
816,816,Marshall Aeterna,32,2025-01-21,1
817,817,Hao Smith,46,2023-05-13,0
818,818,Bill Smith,14,2025-01-05,1
819,819,Michael Johnson,45,2023-05-12,0
820,820,Ivan Garcia,30,2024-02-01,0
821,821,Anya Patel,11,2023-06-30,0
822,822,Wen Brown,39,2024-12-01,1
823,823,Charlotte Skleegore,45,2023-12-31,0
824,824,Fatima Lee,55,2024-03-25,0
825,825,Lux Smith,25,2024-04-14,0
826,826,Emma Skleegore,39,2023-12-09,0
827,827,Hao Aeterna,43,2023-10-09,0
828,828,Emma Aeterna,6,2024-03-09,0
829,829,Anya Gates,48,2024-11-23,1
830,830,Emma Johnson,38,2025-02-11,1
831,831,Charlotte Gates,16,2024-10-27,1
832,832,Benjamin Garcia,45,2023-06-07,0
833,833,James Schmidt,10,2023-09-23,0
834,834,Charlotte Nguyen,7,2025-01-27,1
835,835,Anya Patel,42,2024-01-30,0
836,836,Ethan Skleegore,33,2024-01-02,0
837,837,Ethan Chen,48,2023-05-13,0
838,838,William Smith,47,2023-04-07,0
839,839,Bill Nguyen,41,2024-04-25,0
840,840,Xia Gates,23,2024-01-16,0
841,841,Sophia Gates,27,2024-09-23,0
842,842,Michael Schmidt,9,2024-09-26,1
843,843,Liam Takahashi,37,2023-11-28,0
844,844,Emma Skleegore,31,2023-08-18,0
845,845,Audrey Gates,31,2023-10-25,0
846,846,Hao Gates,6,2024-12-26,1
847,847,Michael Nguyen,40,2024-08-29,1
848,848,Sophia Takahashi,33,2023-04-08,0
849,849,Ava Skleegore,27,2025-01-27,1
850,850,Liam Gates,26,2023-12-19,0
851,851,Jing Takahashi,57,2024-07-04,0
852,852,Charlotte Gates,45,2024-12-03,1
853,853,Michael Johnson,57,2023-05-16,0
854,854,Charlotte Nguyen,53,2024-05-26,0
855,855,Johannes Johnson,9,2025-01-04,1
856,856,Benjamin Lee,9,2023-09-22,0
857,857,Benjamin Skleegore,16,2024-02-03,0
858,858,Chen Banks,48,2024-12-20,1
859,859,Michael Brown,17,2024-10-10,0
860,860,Charlotte Schmidt,45,2024-12-07,1
861,861,Ava Skleegore,17,2024-07-28,1
862,862,Xiao Chen,20,2025-01-25,1
863,863,Wen Banks,46,2023-10-19,0
864,864,Ava Lee,32,2023-09-04,0
865,865,Julia Lee,23,2024-06-10,0
866,866,Isabella Garcia,32,2024-05-10,0
867,867,Zhang Takahashi,35,2023-04-30,0
868,868,Xia Garcia,39,2024-04-18,0
869,869,William Johnson,30,2023-06-24,0
870,870,Marshall Gates,32,2023-11-15,0
871,871,Benjamin Schmidt,38,2024-03-23,0
872,872,Liam Smith,31,2024-07-21,1
873,873,Olivia Johnson,41,2023-09-09,0
874,874,William Skleegore,10,2023-04-02,0
875,875,Sophia Patel,9,2024-07-05,0
876,876,Charlotte Brown,58,2023-12-12,0
877,877,Charlotte Lee,27,2024-08-30,1
878,878,Marshall Smith,5,2024-06-21,0
879,879,Omar Nguyen,34,2024-07-30,0
880,880,Emma Garcia,16,2024-02-10,0
881,881,Ethan Banks,25,2024-01-23,0
882,882,Isabella Chen,46,2024-12-15,1
883,883,Olivia Chen,56,2023-08-01,0
884,884,Benjamin Smith,29,2023-04-09,0
885,885,Charlotte Brown,57,2023-07-28,0
886,886,Yuan Takahashi,18,2023-08-27,0
887,887,Emma Skleegore,54,2023-04-08,0
888,888,Olivia Lee,10,2023-08-09,0
889,889,Omar Patel,16,2024-08-12,0
890,890,Bill Lee,52,2023-12-14,0
891,891,Emma Banks,29,2023-06-01,0
892,892,Marshall Smith,51,2023-10-29,0
893,893,Emma Lee,54,2023-09-10,0
894,894,Charlotte Gates,18,2025-02-08,1
895,895,Ethan Brown,42,2023-10-06,0
896,896,Anya Gates,9,2024-01-15,0
897,897,James Garcia,41,2023-10-16,0
898,898,Emma Garcia,18,2023-06-19,0
899,899,Wei Smith,19,2024-06-30,0
900,900,Julia Schmidt,28,2024-09-22,0
901,901,Xiao Garcia,24,2025-01-18,1
902,902,Benjamin Brown,15,2024-06-04,0
903,903,Li Aeterna,26,2024-04-28,0
904,904,Johannes Brown,30,2023-05-24,0
905,905,Julia Aeterna,55,2024-10-23,1
906,906,James Smith,22,2024-02-23,0
907,907,Benjamin Patel,28,2024-04-28,1
908,908,Fatima Gates,9,2024-09-30,1
909,909,Jing Takahashi,26,2024-01-22,0
910,910,Sophia Patel,16,2024-12-23,1
911,911,Audrey Skleegore,28,2023-12-05,0
912,912,Olivia Nguyen,28,2024-11-11,1
913,913,Michael Brown,21,2025-01-09,1
914,914,Charlotte Takahashi,22,2024-02-18,0
915,915,Omar Lee,45,2024-05-03,0
916,916,Hao Chen,10,2024-11-20,1
917,917,Julia Gates,8,2023-04-11,0
918,918,Santiago Johnson,59,2024-09-13,1
919,919,Mateo Aeterna,56,2023-11-04,0
920,920,Lux Schmidt,35,2023-09-29,0
921,921,Marshall Patel,34,2024-03-25,0
922,922,Michael Aeterna,35,2024-02-02,0
923,923,Ivan Skleegore,44,2024-06-04,0
924,924,Lux Nguyen,49,2024-12-08,1
925,925,Emma Skleegore,56,2023-05-19,0
926,926,James Chen,27,2023-12-29,0
927,927,William Chen,8,2024-05-07,0
928,928,Bill Takahashi,53,2025-02-21,1
929,929,Michael Lee,45,2024-06-11,0
930,930,Xia Aeterna,9,2023-07-30,0
931,931,Emma Gates,55,2024-06-04,0
932,932,Li Nguyen,33,2023-10-18,0
933,933,Lux Brown,51,2024-09-21,1
934,934,Liam Nguyen,42,2024-07-23,1
935,935,Isabella Lee,29,2024-03-17,0
936,936,Ethan Johnson,14,2024-04-02,0
937,937,Xia Brown,33,2025-02-21,1
938,938,Yuan Patel,58,2023-06-12,0
939,939,James Johnson,24,2025-02-05,1
940,940,Chen Banks,8,2023-12-26,0
941,941,Wen Banks,56,2023-04-08,0
942,942,Johannes Aeterna,54,2023-11-01,0
943,943,Liam Banks,12,2023-10-24,0
944,944,Julia Gates,15,2024-03-17,0
945,945,Isabella Brown,16,2023-05-12,0
946,946,Anya Patel,15,2024-01-26,0
947,947,Sophia Patel,23,2024-09-24,1
948,948,Ivan Johnson,12,2024-03-10,0
949,949,Benjamin Brown,8,2024-12-17,1
950,950,Sophia Patel,11,2023-12-07,0
951,951,Charlotte Takahashi,7,2024-03-02,0
952,952,Liam Brown,30,2024-10-17,1
953,953,Xia Lee,11,2023-03-31,0
954,954,Amara Lee,33,2024-05-06,0
955,955,Ethan Banks,59,2023-10-28,0
956,956,Ivan Nguyen,12,2024-06-08,0
957,957,Ethan Banks,27,2024-11-12,1
958,958,Audrey Patel,28,2024-03-02,0
959,959,Ava Gates,59,2024-03-21,0
960,960,Liam Nguyen,50,2023-07-02,0
961,961,Xiao Nguyen,23,2023-12-24,0
962,962,Ethan Patel,21,2023-05-17,0
963,963,Wen Brown,50,2023-11-11,0
964,964,Marshall Banks,30,2023-08-13,0
965,965,James Patel,55,2023-07-28,0
966,966,Bill Brown,54,2023-04-23,0
967,967,Olivia Lee,28,2024-02-06,0
968,968,Marshall Patel,8,2023-07-08,0
969,969,Chen Chen,27,2023-11-01,0
970,970,Yuan Takahashi,32,2023-11-19,0
971,971,Ava Johnson,17,2024-02-20,0
972,972,Hao Lee,14,2023-04-20,0
973,973,Jing Skleegore,37,2024-02-01,0
974,974,Ava Chen,28,2023-07-24,0
975,975,Sophia Nguyen,22,2023-11-08,0
976,976,Anya Nguyen,8,2023-07-14,0
977,977,Anya Skleegore,37,2024-10-13,1
978,978,Santiago Takahashi,52,2024-01-12,0
979,979,Audrey Gates,12,2024-04-21,0
980,980,Marshall Johnson,47,2025-02-02,1
981,981,Xiao Lee,28,2023-07-16,0
982,982,Mei Banks,52,2023-07-30,0
983,983,Santiago Nguyen,38,2024-01-18,0
984,984,Ava Takahashi,10,2024-04-28,0
985,985,Audrey Takahashi,21,2024-04-14,0
986,986,Fatima Chen,50,2024-08-21,1
987,987,Emma Gates,50,2024-01-13,0
988,988,Hao Johnson,9,2024-06-23,0
989,989,Wen Brown,46,2024-10-21,1
990,990,Julia Patel,39,2023-05-13,0
991,991,Benjamin Brown,46,2024-07-27,1
992,992,Wei Johnson,24,2024-09-14,1
993,993,William Banks,42,2024-11-24,1
994,994,Ava Smith,54,2024-09-30,0
995,995,Chen Nguyen,16,2025-01-12,1
996,996,Ava Lee,58,2025-01-25,1
997,997,Ethan Brown,30,2023-09-22,0
998,998,Charlotte Johnson,32,2023-06-21,0
999,999,Yuan Chen,12,2024-02-23,0
1000,1000,Amara Smith,44,2024-02-08,0
